mouse,date,probe,unit_id,hd_class,hd_preferred_deg,rf_max_angle_deg,rf_max_y_deg,rf_max_response,rf_peak_ties,rf_detected_2d,rf_peak_status,shank,x_um,y_um,best_channel_id,best_channel_y_um,depth_eligible,shank_label,rf_depth_eligible,topmost_hd_y_um,normalized_depth_um
m14,260609,A,88,3,23.0,45.0,0.0,56.99344163249597,1,False,measured_peak,0,14.117493918161257,1112.3683893535947,292,1110.0,True,m14 260609/A S0,True,1112.3683893535947,0.0
m14,260609,A,285,3,159.0,-125.0,40.0,63.04046447528201,1,False,measured_peak,1,262.125281868278,1388.010121313039,378,1395.0,True,m14 260609/A S1,True,1710.7193943536809,322.70927304064185
m14,260609,A,315,3,329.0,65.0,30.0,26.583622469942384,1,False,measured_peak,1,257.7908845856908,1624.5068288255777,218,1635.0,True,m14 260609/A S1,True,1710.7193943536809,86.21256552810314
m14,260609,A,317,3,189.0,-5.0,10.0,33.281177052395364,1,True,measured_peak,1,265.06642047691605,1605.8854932177117,214,1605.0,True,m14 260609/A S1,True,1710.7193943536809,104.8339011359692
m14,260609,A,318,3,273.0,125.0,10.0,27.806160012555573,1,False,measured_peak,1,264.30974053335785,1624.8985853315746,218,1635.0,True,m14 260609/A S1,True,1710.7193943536809,85.82080902210623
m14,260609,A,320,3,341.0,-15.0,-10.0,35.512401697063126,1,False,measured_peak,1,260.9059966806811,1663.5969169191626,222,1665.0,True,m14 260609/A S1,True,1710.7193943536809,47.12247743451826
m14,260609,A,326,3,105.0,5.0,-20.0,30.454785881789263,1,False,measured_peak,1,264.2824608497094,1710.7193943536809,230,1725.0,True,m14 260609/A S1,True,1710.7193943536809,0.0
m14,260609,A,370,3,329.0,-85.0,20.0,42.02622976235924,1,False,measured_peak,2,522.8500917349475,658.451470144109,329,660.0,True,m14 260609/A S2,True,1656.5164485997318,998.0649784556228
m14,260609,A,372,3,83.0,85.0,20.0,32.80621163555662,1,False,measured_peak,2,510.95448539954697,697.2998132447268,334,705.0,True,m14 260609/A S2,True,1656.5164485997318,959.216635355005
m14,260609,A,374,3,341.0,-5.0,30.0,1.797100775373574,1,False,measured_peak,2,517.7974712232058,683.602505470838,333,690.0,True,m14 260609/A S2,True,1656.5164485997318,972.9139431288938
m14,260609,A,378,3,341.0,-5.0,30.0,31.74878036493314,1,True,measured_peak,2,518.1123982484593,683.6991767645051,333,690.0,True,m14 260609/A S2,True,1656.5164485997318,972.8172718352267
m14,260609,A,394,3,189.0,-125.0,10.0,43.59987510212437,1,False,measured_peak,2,522.1298690550524,786.1823332282447,9,780.0,True,m14 260609/A S2,True,1656.5164485997318,870.3341153714871
m14,260609,A,397,3,187.0,115.0,10.0,19.82191800489971,1,False,measured_peak,2,507.9191506501618,801.1574869879489,10,795.0,True,m14 260609/A S2,True,1656.5164485997318,855.3589616117829
m14,260609,A,401,3,337.0,-5.0,-20.0,50.626250971752114,1,True,measured_peak,2,515.1111306291396,852.5953903718232,18,855.0,True,m14 260609/A S2,True,1656.5164485997318,803.9210582279086
m14,260609,A,413,3,249.0,-25.0,-40.0,17.822886940003897,1,False,measured_peak,2,523.31015399995,931.4037926963632,29,930.0,True,m14 260609/A S2,True,1656.5164485997318,725.1126559033686
m14,260609,A,429,3,319.0,-45.0,-20.0,70.72951020013912,1,False,measured_peak,2,509.6689203180559,1054.8785659145262,46,1065.0,True,m14 260609/A S2,True,1656.5164485997318,601.6378826852056
m14,260609,A,430,3,175.0,105.0,30.0,27.088240881923657,1,False,measured_peak,2,513.2023043630925,1063.976480877551,46,1065.0,True,m14 260609/A S2,True,1656.5164485997318,592.5399677221808
m14,260609,A,432,3,181.0,85.0,30.0,14.995587118379486,1,False,measured_peak,2,520.9017258007342,1052.5753910725489,45,1050.0,True,m14 260609/A S2,True,1656.5164485997318,603.9410575271829
m14,260609,A,436,3,91.0,-35.0,10.0,17.386967112968954,1,False,measured_peak,2,519.4641163546914,1105.7867247710833,101,1110.0,True,m14 260609/A S2,True,1656.5164485997318,550.7297238286485
m14,260609,A,439,3,137.0,-105.0,10.0,22.80700936559641,1,False,measured_peak,2,511.0784730819957,1144.3534086120496,106,1155.0,True,m14 260609/A S2,True,1656.5164485997318,512.1630399876822
m14,260609,A,448,3,321.0,25.0,10.0,46.69722990487391,1,False,measured_peak,2,522.2432619244603,1195.6613660927433,113,1200.0,True,m14 260609/A S2,True,1656.5164485997318,460.85508250698854
m14,260609,A,457,3,329.0,135.0,10.0,22.324034818166048,1,False,measured_peak,2,524.5739142885509,1263.4906479606273,121,1260.0,True,m14 260609/A S2,True,1656.5164485997318,393.02580063910455
m14,260609,A,458,3,325.0,-95.0,40.0,34.65694006629107,1,False,measured_peak,2,522.4920499830677,1250.45743371548,121,1260.0,True,m14 260609/A S2,True,1656.5164485997318,406.05901488425184
m14,260609,A,465,3,193.0,-5.0,-40.0,42.796526818444,1,False,measured_peak,2,514.0741150162374,1303.0846698998153,126,1305.0,True,m14 260609/A S2,True,1656.5164485997318,353.43177869991655
m14,260609,A,477,3,327.0,85.0,-40.0,23.087092573195648,1,False,measured_peak,2,521.3903973417683,1413.7077875939174,141,1410.0,True,m14 260609/A S2,True,1656.5164485997318,242.80866100581443
m14,260609,A,484,3,137.0,-105.0,0.0,8.37900860856438,1,False,measured_peak,2,509.99102915233937,1483.3550136567746,54,1485.0,True,m14 260609/A S2,True,1656.5164485997318,173.16143494295716
m14,260609,A,497,3,299.0,25.0,-40.0,10.173371368741975,1,True,measured_peak,2,512.8055720814198,1541.3180809237451,62,1545.0,True,m14 260609/A S2,True,1656.5164485997318,115.19836767598667
m14,260609,A,501,3,261.0,95.0,0.0,54.88031265569511,1,True,measured_peak,2,522.6407835514394,1539.1253382291984,61,1530.0,True,m14 260609/A S2,True,1656.5164485997318,117.3911103705334
m14,260609,A,505,3,261.0,95.0,0.0,34.52470577976456,1,True,measured_peak,2,521.8372494147101,1579.6492541504006,69,1590.0,True,m14 260609/A S2,True,1656.5164485997318,76.86719444933124
m14,260609,A,508,3,305.0,-5.0,-30.0,5.807842904417628,1,True,measured_peak,2,520.5083800590829,1583.3514653686582,69,1590.0,True,m14 260609/A S2,True,1656.5164485997318,73.16498323107362
m14,260609,A,512,3,77.0,-95.0,-40.0,16.790753803724982,1,True,measured_peak,2,520.1399888341541,1647.2895014664616,77,1650.0,True,m14 260609/A S2,True,1656.5164485997318,9.226947133270187
m14,260609,A,515,3,335.0,5.0,-30.0,64.59547680558575,1,False,measured_peak,2,520.8738547378236,1629.2420378546506,73,1620.0,True,m14 260609/A S2,True,1656.5164485997318,27.27441074508124
m14,260609,A,516,3,161.0,-25.0,10.0,20.401287966926724,1,True,measured_peak,2,521.3002116275843,1624.7085790358751,73,1620.0,True,m14 260609/A S2,True,1656.5164485997318,31.807869563856684
m14,260609,A,518,3,145.0,-135.0,0.0,10.561491841676109,1,True,measured_peak,2,521.5281031084284,1656.5164485997318,77,1650.0,True,m14 260609/A S2,True,1656.5164485997318,0.0
m14,260609,A,532,3,183.0,125.0,40.0,30.39108695473576,1,False,measured_peak,3,761.3272486757578,529.4720228284929,356,510.0,True,m14 260609/A S3,True,1757.5884540014204,1228.1164311729276
m14,260609,A,539,3,351.0,95.0,0.0,21.752560288984604,1,False,measured_peak,3,759.7783516393375,567.2888644417019,364,570.0,True,m14 260609/A S3,True,1757.5884540014204,1190.2995895597185
m14,260609,A,547,3,193.0,-135.0,-30.0,27.85062127391084,1,False,measured_peak,3,757.5014235736038,605.9897120097443,368,600.0,True,m14 260609/A S3,True,1757.5884540014204,1151.598741991676
m14,260609,A,554,3,73.0,-145.0,-20.0,34.560404384806354,1,False,measured_peak,3,768.7527238745381,731.1232702007565,51,735.0,True,m14 260609/A S3,True,1757.5884540014204,1026.465183800664
m14,260609,A,572,3,249.0,105.0,-20.0,27.87550791014597,1,False,measured_peak,3,773.8865886524885,824.7342897267623,63,825.0,True,m14 260609/A S3,True,1757.5884540014204,932.854164274658
m14,260609,A,594,3,189.0,-95.0,0.0,15.584818893189698,1,False,measured_peak,3,762.9799908347426,995.3080799262628,84,990.0,True,m14 260609/A S3,True,1757.5884540014204,762.2803740751575
m14,260609,A,653,3,319.0,-75.0,-40.0,0.5979108656510451,1,False,measured_peak,3,771.8272295721099,1424.9560384676106,191,1425.0,True,m14 260609/A S3,True,1757.5884540014204,332.63241553380976
m14,260609,A,664,3,47.0,-65.0,10.0,17.59716207413607,1,True,measured_peak,3,767.4664740342097,1483.8911137867206,7,1485.0,True,m14 260609/A S3,True,1757.5884540014204,273.6973402146998
m14,260609,A,668,3,351.0,-15.0,-40.0,30.593569792415625,1,True,measured_peak,3,758.027385263652,1496.843100554098,8,1500.0,True,m14 260609/A S3,True,1757.5884540014204,260.74535344732226
m14,260609,A,671,3,23.0,-45.0,-20.0,94.23960091455156,1,True,measured_peak,3,758.0638886623797,1504.118565420134,8,1500.0,True,m14 260609/A S3,True,1757.5884540014204,253.46988858128634
m14,260609,A,676,3,133.0,95.0,-10.0,7.825172055858532,1,False,measured_peak,3,775.9167228009295,1573.6787813967585,19,1575.0,True,m14 260609/A S3,True,1757.5884540014204,183.90967260466186
m14,260609,A,691,3,109.0,-5.0,-30.0,1.802434004819264,1,False,measured_peak,3,774.4389758527457,1757.5884540014204,43,1755.0,True,m14 260609/A S3,True,1757.5884540014204,0.0
m15,260630,A,64,3,201.0,126.0,33.0,122.22281283086708,1,False,measured_peak,0,25.754891582967517,406.5260417437892,103,405.0,True,m15 260630/A S0,True,1190.1564216906183,783.6303799468292
m15,260630,A,77,3,315.0,30.0,-39.0,26.003472318585317,1,False,measured_peak,0,17.680748731078623,499.6395158508749,115,495.0,True,m15 260630/A S0,True,1190.1564216906183,690.5169058397435
m15,260630,A,82,3,319.0,-6.0,33.0,5.600359199955889,1,False,measured_peak,0,21.33672427775681,491.6270905419624,115,495.0,True,m15 260630/A S0,True,1190.1564216906183,698.529331148656
m15,260630,A,84,3,319.0,66.0,-3.0,6.401339943955347,1,False,measured_peak,0,17.36809476255854,529.7213257823911,119,525.0,True,m15 260630/A S0,True,1190.1564216906183,660.4350959082273
m15,260630,A,108,3,161.0,66.0,-3.0,43.6091283681958,1,True,measured_peak,0,12.297637707771914,760.3831106731033,196,750.0,True,m15 260630/A S0,True,1190.1564216906183,429.7733110175151
m15,260630,A,124,3,11.0,78.0,-3.0,162.24038970348812,1,False,measured_peak,0,11.426413798863518,890.7027479966299,216,900.0,True,m15 260630/A S0,True,1190.1564216906183,299.45367369398843
m15,260630,A,127,3,249.0,-102.0,-39.0,44.220931908775626,1,True,measured_peak,0,12.58887699921531,918.2413049907055,220,930.0,True,m15 260630/A S0,True,1190.1564216906183,271.9151166999128
m15,260630,A,131,3,147.0,78.0,-3.0,43.21075730697095,1,True,measured_peak,0,20.653356968026877,998.2998647959276,231,1005.0,True,m15 260630/A S0,True,1190.1564216906183,191.8565568946907
m15,260630,A,133,3,107.0,114.0,-3.0,50.59957188947303,1,True,measured_peak,0,8.000437205764735,985.04619496709,228,990.0,True,m15 260630/A S0,True,1190.1564216906183,205.1102267235284
m15,260630,A,134,3,167.0,18.0,-3.0,31.810647781742368,1,True,measured_peak,0,11.992487594312324,993.8241488599328,228,990.0,True,m15 260630/A S0,True,1190.1564216906183,196.3322728306855
m15,260630,A,137,3,293.0,-54.0,-3.0,41.80819999921119,1,True,measured_peak,0,10.556397405287386,1022.1833882069444,232,1020.0,True,m15 260630/A S0,True,1190.1564216906183,167.97303348367393
m15,260630,A,139,3,319.0,-18.0,-27.0,89.44855958846033,1,True,measured_peak,0,18.7870741251801,1037.7155275771222,235,1035.0,True,m15 260630/A S0,True,1190.1564216906183,152.44089411349614
m15,260630,A,141,3,49.0,66.0,-3.0,79.61666555294462,1,True,measured_peak,0,12.50370563287906,1053.7861638607171,236,1050.0,True,m15 260630/A S0,True,1190.1564216906183,136.37025782990122
m15,260630,A,153,3,293.0,-42.0,-15.0,22.80492458848751,1,True,measured_peak,0,14.015394293901297,1132.8523842256318,296,1140.0,True,m15 260630/A S0,True,1190.1564216906183,57.30403746498655
m15,260630,A,156,3,127.0,114.0,-3.0,27.599766485167105,1,True,measured_peak,0,8.684158329963536,1163.8279520028484,300,1170.0,True,m15 260630/A S0,True,1190.1564216906183,26.32846968776994
m15,260630,A,160,3,247.0,-102.0,-39.0,12.806061729238191,1,True,measured_peak,0,11.017607530552466,1190.1564216906183,304,1200.0,True,m15 260630/A S0,True,1190.1564216906183,0.0
m15,260630,A,194,3,321.0,54.0,33.0,22.20311479002494,1,False,measured_peak,1,269.214509495455,156.7846658027823,69,150.0,True,m15 260630/A S1,True,1054.8395135269436,898.0548477241613
m15,260630,A,205,3,153.0,-42.0,-39.0,32.40507254977908,1,False,measured_peak,1,257.3176262921799,216.86771223145544,78,225.0,True,m15 260630/A S1,True,1054.8395135269436,837.9718012954881
m15,260630,A,220,3,205.0,18.0,-3.0,30.21011204429621,1,False,measured_peak,1,259.34343967739,331.2975906260784,94,345.0,True,m15 260630/A S1,True,1054.8395135269436,723.5419229008653
m15,260630,A,231,3,199.0,126.0,21.0,31.80069051192948,1,False,measured_peak,1,272.3822879287892,353.98767753059167,145,360.0,True,m15 260630/A S1,True,1054.8395135269436,700.851835996352
m15,260630,A,249,3,293.0,114.0,33.0,34.410510338933435,1,False,measured_peak,1,274.6619041105451,512.8493385598206,165,510.0,True,m15 260630/A S1,True,1054.8395135269436,541.990174967123
m15,260630,A,259,3,157.0,150.0,9.0,19.403805834099828,1,False,measured_peak,1,257.673093108872,644.0628262747254,182,645.0,True,m15 260630/A S1,True,1054.8395135269436,410.77668725221827
m15,260630,A,264,3,319.0,-78.0,33.0,99.01811317962704,1,False,measured_peak,1,257.3109696624948,725.009777749568,242,735.0,True,m15 260630/A S1,True,1054.8395135269436,329.8297357773756
m15,260630,A,267,3,83.0,114.0,-15.0,46.80718030559939,1,True,measured_peak,1,258.70782681174296,724.7463125211432,242,735.0,True,m15 260630/A S1,True,1054.8395135269436,330.09320100580044
m15,260630,A,270,3,11.0,66.0,-3.0,95.41997353958438,1,True,measured_peak,1,262.7571842160817,770.8381660241591,246,765.0,True,m15 260630/A S1,True,1054.8395135269436,284.0013475027845
m15,260630,A,273,3,319.0,78.0,-3.0,51.01269959850738,1,True,measured_peak,1,269.9049755405469,774.5204629138723,249,780.0,True,m15 260630/A S1,True,1054.8395135269436,280.31905061307134
m15,260630,A,274,3,339.0,-18.0,-39.0,107.64353283957772,1,True,measured_peak,1,273.6351839067994,776.3405443270029,249,780.0,True,m15 260630/A S1,True,1054.8395135269436,278.4989691999407
m15,260630,A,279,3,249.0,-42.0,-15.0,24.805356569933785,1,True,measured_peak,1,263.8154653455624,799.0134735393855,250,795.0,True,m15 260630/A S1,True,1054.8395135269436,255.82603998755815
m15,260630,A,280,3,11.0,78.0,-3.0,53.01319762197825,1,True,measured_peak,1,266.437793344426,814.9122630539983,253,810.0,True,m15 260630/A S1,True,1054.8395135269436,239.92725047294527
m15,260630,A,285,3,177.0,-78.0,21.0,19.2018655149104,1,True,measured_peak,1,275.65907807629475,820.1725416649045,253,810.0,True,m15 260630/A S1,True,1054.8395135269436,234.66697186203908
m15,260630,A,287,3,221.0,-102.0,-39.0,40.61922704742739,1,True,measured_peak,1,271.45631523806253,818.6818761039777,253,810.0,True,m15 260630/A S1,True,1054.8395135269436,236.15763742296588
m15,260630,A,291,3,311.0,-6.0,-39.0,149.9705542272496,1,True,measured_peak,1,269.94286529035804,842.347045006793,257,840.0,True,m15 260630/A S1,True,1054.8395135269436,212.49246852015062
m15,260630,A,294,3,177.0,66.0,-39.0,17.60119355416743,1,True,measured_peak,1,273.8278762513236,830.139399295743,257,840.0,True,m15 260630/A S1,True,1054.8395135269436,224.7001142312006
m15,260630,A,296,3,51.0,66.0,-3.0,55.21155701661487,1,True,measured_peak,1,261.69045456166526,843.3809835373388,258,855.0,True,m15 260630/A S1,True,1054.8395135269436,211.4585299896048
m15,260630,A,298,3,11.0,78.0,-3.0,65.61633516984477,1,False,measured_peak,1,266.3119158566452,887.4643280963022,262,885.0,True,m15 260630/A S1,True,1054.8395135269436,167.3751854306414
m15,260630,A,306,3,339.0,-6.0,-15.0,63.40262507053913,1,True,measured_peak,1,271.408079686411,900.6893605195536,265,900.0,True,m15 260630/A S1,True,1054.8395135269436,154.15015300739003
m15,260630,A,307,3,313.0,-6.0,-39.0,89.58241105841044,1,True,measured_peak,1,263.12684082347124,909.2395025919504,266,915.0,True,m15 260630/A S1,True,1054.8395135269436,145.60001093499318
m15,260630,A,318,3,253.0,-42.0,-15.0,11.402462294243756,1,False,measured_peak,1,272.20895752510904,1022.2937033743624,281,1020.0,True,m15 260630/A S1,True,1054.8395135269436,32.545810152581225
m15,260630,A,319,3,319.0,78.0,-3.0,37.40931303890541,1,False,measured_peak,1,273.2058868009831,1054.8395135269436,285,1050.0,True,m15 260630/A S1,True,1054.8395135269436,0.0
m15,260630,A,359,3,209.0,-150.0,33.0,16.003667193549205,1,False,measured_peak,2,508.68239103676615,132.52148909868038,210,135.0,True,m15 260630/A S2,True,884.4735706877973,751.9520815891169
m15,260630,A,360,3,317.0,174.0,-3.0,28.003560205763065,1,False,measured_peak,2,518.8644975526478,130.26471712962035,209,120.0,True,m15 260630/A S2,True,884.4735706877973,754.208853558177
m15,260630,A,370,3,293.0,102.0,9.0,14.801535544430529,1,False,measured_peak,2,522.1357336873896,174.33229999447002,217,180.0,True,m15 260630/A S2,True,884.4735706877973,710.1412706933272
m15,260630,A,383,3,105.0,-54.0,-39.0,12.602971116960168,1,False,measured_peak,2,513.4259086181941,283.18438332150254,230,285.0,True,m15 260630/A S2,True,884.4735706877973,601.2891873662948
m15,260630,A,385,3,143.0,150.0,-3.0,34.01183432327388,1,False,measured_peak,2,509.7215401089554,277.2921470961602,230,285.0,True,m15 260630/A S2,True,884.4735706877973,607.1814235916371
m15,260630,A,386,3,151.0,90.0,-39.0,16.407982984831484,1,False,measured_peak,2,514.1660799642109,291.49057138858785,230,285.0,True,m15 260630/A S2,True,884.4735706877973,592.9829992992095
m15,260630,A,399,3,293.0,66.0,21.0,11.60097396960284,1,False,measured_peak,2,509.9608783182466,348.47742355666804,238,345.0,True,m15 260630/A S2,True,884.4735706877973,535.9961471311292
m15,260630,A,404,3,339.0,-78.0,-27.0,31.20715024263368,1,False,measured_peak,2,507.5717122418711,427.0975111337501,298,435.0,True,m15 260630/A S2,True,884.4735706877973,457.3760595540472
m15,260630,A,454,3,191.0,-54.0,9.0,22.199741906234223,1,False,measured_peak,2,523.301774749417,819.9146979756963,13,810.0,True,m15 260630/A S2,True,884.4735706877973,64.55887271210099
m15,260630,A,459,3,291.0,-66.0,-3.0,13.004879418164256,1,True,measured_peak,2,509.77960124516153,858.1544124459001,18,855.0,True,m15 260630/A S2,True,884.4735706877973,26.319158241897185
m15,260630,A,467,3,115.0,150.0,-27.0,33.81032573033299,1,False,measured_peak,2,511.17916983914,884.4735706877973,22,885.0,True,m15 260630/A S2,True,884.4735706877973,0.0
m15,260630,A,562,3,319.0,30.0,21.0,3.201442671993092,1,False,measured_peak,3,751.7185277516169,1229.527604852533,164,1230.0,True,m15 260630/A S3,True,1229.527604852533,0.0
m15,260630,B,51,3,155.0,-102.0,-39.0,12.205777585680153,1,False,measured_peak,0,18.19877073162872,229.90890600305315,31,225.0,True,m15 260630/B S0,True,1054.5375613965589,824.6286553935057
m15,260630,B,69,3,281.0,-174.0,-39.0,20.005640437120828,1,False,measured_peak,0,23.998369390773977,430.6139570209989,107,435.0,True,m15 260630/B S0,True,1054.5375613965589,623.92360437556
m15,260630,B,83,3,101.0,42.0,-3.0,20.202834856969623,1,False,measured_peak,0,24.238301043784325,579.9746709194462,127,585.0,True,m15 260630/B S0,True,1054.5375613965589,474.56289047711266
m15,260630,B,106,3,311.0,-6.0,-39.0,82.58378519447211,1,True,measured_peak,0,22.92650117153869,817.9582148897202,207,825.0,True,m15 260630/B S0,True,1054.5375613965589,236.57934650683865
m15,260630,B,113,3,51.0,66.0,-3.0,61.81293883381882,1,True,measured_peak,0,25.04445925299185,881.0667520250305,215,885.0,True,m15 260630/B S0,True,1054.5375613965589,173.4708093715284
m15,260630,B,116,3,293.0,-42.0,-15.0,25.005399768078405,1,True,measured_peak,0,26.74680009688936,897.3148158485343,215,885.0,True,m15 260630/B S0,True,1054.5375613965589,157.2227455480246
m15,260630,B,119,3,147.0,18.0,-3.0,14.204754669834644,1,False,measured_peak,0,9.448014274625566,940.0021526728704,220,930.0,True,m15 260630/B S0,True,1054.5375613965589,114.53540872368853
m15,260630,B,121,3,293.0,-42.0,-15.0,24.60531337178915,1,True,measured_peak,0,12.011317499761294,916.9040882632304,220,930.0,True,m15 260630/B S0,True,1054.5375613965589,137.6334731333285
m15,260630,B,122,3,249.0,-102.0,-39.0,25.412028743957038,1,True,measured_peak,0,14.419801726961689,938.6929816522072,220,930.0,True,m15 260630/B S0,True,1054.5375613965589,115.84457974435168
m15,260630,B,126,3,131.0,114.0,-3.0,11.999898471811786,1,True,measured_peak,0,14.274091844836844,985.9622269364544,228,990.0,True,m15 260630/B S0,True,1054.5375613965589,68.5753344601045
m15,260630,B,129,3,311.0,-78.0,-3.0,22.802516198741227,1,True,measured_peak,0,18.37160689656924,1009.8297922823486,231,1005.0,True,m15 260630/B S0,True,1054.5375613965589,44.70776911421024
m15,260630,B,130,3,313.0,-6.0,-39.0,68.98645494453483,1,True,measured_peak,0,10.118417953760158,982.7705997877284,228,990.0,True,m15 260630/B S0,True,1054.5375613965589,71.76696160883046
m15,260630,B,136,3,123.0,114.0,-3.0,17.199854476263557,1,True,measured_peak,0,23.433719534693594,1023.4826389066554,235,1035.0,True,m15 260630/B S0,True,1054.5375613965589,31.054922489903447
m15,260630,B,139,3,219.0,-18.0,-39.0,49.21990535043888,1,True,measured_peak,0,8.732330757446677,1015.5078754683148,232,1020.0,True,m15 260630/B S0,True,1054.5375613965589,39.029685928244135
m15,260630,B,141,3,149.0,-90.0,21.0,6.000068031951482,1,False,measured_peak,0,9.085421545242454,1054.5375613965589,236,1050.0,True,m15 260630/B S0,True,1054.5375613965589,0.0
m15,260630,B,173,3,167.0,-174.0,9.0,23.805611538665563,1,False,measured_peak,1,265.81386001378087,19.707823272001843,50,15.0,True,m15 260630/B S1,True,1348.802651173566,1329.094827901564
m15,260630,B,179,3,221.0,6.0,21.0,23.41124732915564,1,False,measured_peak,1,259.4566774658367,40.580517935815394,54,45.0,True,m15 260630/B S1,True,1348.802651173566,1308.2221332377505
m15,260630,B,210,3,165.0,-162.0,-15.0,23.80193399336216,1,False,measured_peak,1,266.87710053488496,179.9747846093697,73,180.0,True,m15 260630/B S1,True,1348.802651173566,1168.8278665641963
m15,260630,B,212,3,71.0,-90.0,21.0,1.6000181418537287,1,False,measured_peak,1,259.2569139065644,193.01534276963275,74,195.0,True,m15 260630/B S1,True,1348.802651173566,1155.7873084039331
m15,260630,B,227,3,197.0,126.0,-27.0,28.60844328391073,1,False,measured_peak,1,259.1131174921392,286.08415414339794,86,285.0,True,m15 260630/B S1,True,1348.802651173566,1062.718497030168
m15,260630,B,262,3,51.0,66.0,-3.0,118.02470521667672,1,True,measured_peak,1,261.52277076441146,517.2937837034675,166,525.0,True,m15 260630/B S1,True,1348.802651173566,831.5088674700984
m15,260630,B,267,3,217.0,-18.0,-3.0,19.20287912072333,1,False,measured_peak,1,260.78701178923154,575.0203484652434,174,585.0,True,m15 260630/B S1,True,1348.802651173566,773.7823027083225
m15,260630,B,269,3,293.0,-42.0,-15.0,37.408078053045294,1,True,measured_peak,1,275.04131754998355,608.8447409601628,177,600.0,True,m15 260630/B S1,True,1348.802651173566,739.9579102134031
m15,260630,B,273,3,139.0,-42.0,-3.0,24.404549901413876,1,False,measured_peak,1,259.2457462795816,668.751898670016,186,675.0,True,m15 260630/B S1,True,1348.802651173566,680.0507525035499
m15,260630,B,275,3,133.0,114.0,-3.0,39.19966834125184,1,True,measured_peak,1,273.28088352289865,656.3218644361696,185,660.0,True,m15 260630/B S1,True,1348.802651173566,692.4807867373963
m15,260630,B,276,3,79.0,114.0,-15.0,29.00444933466629,1,True,measured_peak,1,264.3335592411387,668.772155090625,186,675.0,True,m15 260630/B S1,True,1348.802651173566,680.0304960829409
m15,260630,B,277,3,339.0,-6.0,-15.0,138.40573043789612,1,True,measured_peak,1,255.8880954554354,678.3628592071456,186,675.0,True,m15 260630/B S1,True,1348.802651173566,670.4397919664203
m15,260630,B,282,3,89.0,114.0,-15.0,68.61052497786578,1,True,measured_peak,1,259.90332028343886,725.8594204331125,242,735.0,True,m15 260630/B S1,True,1348.802651173566,622.9432307404534
m15,260630,B,284,3,319.0,-30.0,-39.0,87.6218116848153,1,True,measured_peak,1,261.9452719883564,757.756451726274,246,765.0,True,m15 260630/B S1,True,1348.802651173566,591.0461994472919
m15,260630,B,288,3,319.0,78.0,-3.0,66.61658418158021,1,False,measured_peak,1,265.08054089449854,770.4480660101293,246,765.0,True,m15 260630/B S1,True,1348.802651173566,578.3545851634366
m15,260630,B,291,3,115.0,114.0,-3.0,31.5997326424377,1,True,measured_peak,1,272.0315875949904,785.3997770844485,249,780.0,True,m15 260630/B S1,True,1348.802651173566,563.4028740891174
m15,260630,B,292,3,177.0,66.0,-39.0,18.80127493286066,1,True,measured_peak,1,257.98974932515034,802.3057460584928,250,795.0,True,m15 260630/B S1,True,1348.802651173566,546.4969051150731
m15,260630,B,293,3,311.0,-78.0,-3.0,55.60613599342159,1,True,measured_peak,1,273.19348370988524,771.4779627056477,249,780.0,True,m15 260630/B S1,True,1348.802651173566,577.3246884679182
m15,260630,B,294,3,193.0,-78.0,21.0,11.801146514372018,1,False,measured_peak,1,254.195706799766,814.4615507158961,254,825.0,True,m15 260630/B S1,True,1348.802651173566,534.3411004576698
m15,260630,B,298,3,253.0,-42.0,-15.0,54.01166349904936,1,True,measured_peak,1,259.54368929176906,806.480996121863,250,795.0,True,m15 260630/B S1,True,1348.802651173566,542.3216550517029
m15,260630,B,329,3,131.0,90.0,-3.0,7.999250649975875,1,True,measured_peak,1,269.674387735878,1348.802651173566,373,1350.0,True,m15 260630/B S1,True,1348.802651173566,0.0
m15,260630,B,337,3,77.0,-90.0,-15.0,5.601320416795722,1,False,measured_peak,2,511.7322626766107,31.27171193027192,194,15.0,True,m15 260630/B S2,True,506.0642830516351,474.79257112136315
m15,260630,B,340,3,57.0,174.0,-3.0,33.00419595679219,1,True,measured_peak,2,519.6181866538844,27.710887311945097,197,30.0,True,m15 260630/B S2,True,506.0642830516351,478.35339573969
m15,260630,B,349,3,249.0,6.0,-27.0,22.80349877251332,1,False,measured_peak,2,519.7950455060453,126.24925100336284,209,120.0,True,m15 260630/B S2,True,506.0642830516351,379.8150320482722
m15,260630,B,362,3,337.0,174.0,33.0,24.00676866434785,1,False,measured_peak,2,515.1933910064062,201.99499616384884,218,195.0,True,m15 260630/B S2,True,506.0642830516351,304.06928688778623
m15,260630,B,369,3,199.0,150.0,-3.0,16.605777934304307,1,False,measured_peak,2,512.7106734620254,252.90036008244127,226,255.0,True,m15 260630/B S2,True,506.0642830516351,253.1639229691938
m15,260630,B,372,3,213.0,-54.0,21.0,17.202867399870918,1,True,measured_peak,2,510.8274686476298,277.08141572587755,230,285.0,True,m15 260630/B S2,True,506.0642830516351,228.98286732575752
m15,260630,B,388,3,209.0,-138.0,-3.0,26.003555344718464,1,False,measured_peak,2,518.9796152925779,377.93204635065376,293,390.0,True,m15 260630/B S2,True,506.0642830516351,128.1322367009813
m15,260630,B,404,3,91.0,-6.0,33.0,28.801847314058858,1,False,measured_peak,2,522.7678493575369,506.0642830516351,309,510.0,True,m15 260630/B S2,True,506.0642830516351,0.0
m15,260630,B,509,3,301.0,114.0,-3.0,7.99993231454119,1,False,measured_peak,3,757.8808640527051,1186.1583804449735,160,1200.0,True,m15 260630/B S3,True,1335.9752122005834,149.81683175560988
m15,260630,B,522,3,39.0,174.0,-27.0,5.001301348341068,1,True,measured_peak,3,769.2793174649959,1335.9752122005834,179,1335.0,True,m15 260630/B S3,True,1335.9752122005834,0.0
m15,260630,B,523,3,323.0,42.0,9.0,0.6003158564090049,1,False,measured_peak,3,756.8945053714787,1319.929701822291,176,1320.0,True,m15 260630/B S3,True,1335.9752122005834,16.04551037829242
m19,260827,A,6,3,177.0,,,,0,False,flat_or_unmeasured,0,12.48166847229004,364.3453063964844,96,360.0,True,m19 260827/A S0,False,985.63818359375,621.2928771972656
m19,260827,A,9,3,229.0,90.0,33.0,34.75885751241992,1,False,measured_peak,0,16.039255142211914,382.72216796875,99,375.0,True,m19 260827/A S0,True,985.63818359375,602.916015625
m19,260827,A,16,3,177.0,,,,0,False,flat_or_unmeasured,0,12.92349338531494,426.6410217285156,107,435.0,True,m19 260827/A S0,False,985.63818359375,558.9971618652344
m19,260827,A,19,3,63.0,,,,0,False,flat_or_unmeasured,0,15.039020538330078,450.6539306640625,108,450.0,True,m19 260827/A S0,False,985.63818359375,534.9842529296875
m19,260827,A,24,3,71.0,-30.0,-27.0,24.265047769381177,1,False,measured_peak,0,20.34610366821289,539.888427734375,121,540.0,True,m19 260827/A S0,True,985.63818359375,445.749755859375
m19,260827,A,27,3,287.0,66.0,9.0,29.87242442229131,1,False,measured_peak,0,20.874704360961918,521.5623779296875,119,525.0,True,m19 260827/A S0,True,985.63818359375,464.0758056640625
m19,260827,A,29,3,177.0,,,,0,False,unit_not_in_rf,0,14.17909049987793,566.9999389648438,124,570.0,True,m19 260827/A S0,False,985.63818359375,418.63824462890625
m19,260827,A,38,3,177.0,,,,0,False,flat_or_unmeasured,0,15.05533218383789,614.8194580078125,130,615.0,True,m19 260827/A S0,False,985.63818359375,370.8187255859375
m19,260827,A,39,3,227.0,,,,0,False,flat_or_unmeasured,0,15.055927276611328,597.4567260742188,126,585.0,True,m19 260827/A S0,False,985.63818359375,388.18145751953125
m19,260827,A,43,3,247.0,,,,0,False,unit_not_in_rf,0,13.932199478149414,657.0724487304688,136,660.0,True,m19 260827/A S0,False,985.63818359375,328.56573486328125
m19,260827,A,47,3,95.0,,,,0,False,flat_or_unmeasured,0,14.552348136901855,689.2931518554688,140,690.0,True,m19 260827/A S0,False,985.63818359375,296.34503173828125
m19,260827,A,50,3,177.0,42.0,33.0,0.2002277473454963,1,False,measured_peak,0,15.877123832702637,721.449951171875,193,720.0,True,m19 260827/A S0,True,985.63818359375,264.188232421875
m19,260827,A,59,3,227.0,,,,0,False,flat_or_unmeasured,0,14.124475479125977,763.4906005859375,198,765.0,True,m19 260827/A S0,False,985.63818359375,222.1475830078125
m19,260827,A,60,3,183.0,,,,0,False,flat_or_unmeasured,0,14.86202907562256,735.2562866210938,195,735.0,True,m19 260827/A S0,False,985.63818359375,250.38189697265625
m19,260827,A,64,3,59.0,,,,0,False,flat_or_unmeasured,0,13.940315246582031,824.4679565429688,206,825.0,True,m19 260827/A S0,False,985.63818359375,161.17022705078125
m19,260827,A,75,3,91.0,102.0,-3.0,18.576782519236808,1,True,measured_peak,0,12.583778381347656,884.328369140625,214,885.0,True,m19 260827/A S0,True,985.63818359375,101.309814453125
m19,260827,A,76,3,101.0,,,,0,False,unit_not_in_rf,0,14.85360622406006,911.035400390625,216,900.0,True,m19 260827/A S0,False,985.63818359375,74.602783203125
m19,260827,A,78,3,227.0,-18.0,9.0,0.200098177286819,1,False,measured_peak,0,14.84161376953125,928.5079956054688,220,930.0,True,m19 260827/A S0,True,985.63818359375,57.13018798828125
m19,260827,A,82,3,227.0,,,,0,False,flat_or_unmeasured,0,15.017108917236328,959.1043701171876,222,945.0,True,m19 260827/A S0,False,985.63818359375,26.533813476562386
m19,260827,A,86,3,227.0,,,,0,False,unit_not_in_rf,0,14.788957595825195,985.63818359375,224,960.0,True,m19 260827/A S0,False,985.63818359375,0.0
m19,260827,A,104,3,73.0,-54.0,-3.0,34.44151567482744,1,False,measured_peak,1,266.2795104980469,325.7333984375,89,300.0,True,m19 260827/A S1,True,1061.0518798828125,735.3184814453125
m19,260827,A,105,3,153.0,,,,0,False,unit_not_in_rf,1,266.2893981933594,331.63299560546875,89,300.0,True,m19 260827/A S1,False,1061.0518798828125,729.4188842773438
m19,260827,A,108,3,71.0,,,,0,False,flat_or_unmeasured,1,265.1185607910156,344.6845092773437,94,345.0,True,m19 260827/A S1,False,1061.0518798828125,716.3673706054688
m19,260827,A,111,3,323.0,-174.0,-39.0,28.799737130954803,1,False,measured_peak,1,261.8189697265625,343.63916015625,94,345.0,True,m19 260827/A S1,True,1061.0518798828125,717.4127197265625
m19,260827,A,112,3,177.0,,,,0,False,flat_or_unmeasured,1,266.8236083984375,384.3353576660156,146,375.0,True,m19 260827/A S1,False,1061.0518798828125,676.7165222167969
m19,260827,A,116,3,73.0,-6.0,-15.0,10.03825042566799,1,False,measured_peak,1,272.04461669921875,407.6731872558594,151,405.0,True,m19 260827/A S1,True,1061.0518798828125,653.3786926269531
m19,260827,A,124,3,351.0,-42.0,-15.0,61.75964515640848,1,True,measured_peak,1,267.7691650390625,435.0697021484375,155,435.0,True,m19 260827/A S1,True,1061.0518798828125,625.982177734375
m19,260827,A,128,3,177.0,,,,0,False,flat_or_unmeasured,1,266.09136962890625,476.4425048828125,157,450.0,True,m19 260827/A S1,False,1061.0518798828125,584.609375
m19,260827,A,130,3,227.0,,,,0,False,flat_or_unmeasured,1,266.1486511230469,512.1448974609375,167,525.0,True,m19 260827/A S1,False,1061.0518798828125,548.906982421875
m19,260827,A,134,3,191.0,-6.0,-39.0,51.09052515090655,1,True,measured_peak,1,272.46783447265625,523.4873657226562,167,525.0,True,m19 260827/A S1,True,1061.0518798828125,537.5645141601562
m19,260827,A,135,3,119.0,54.0,-27.0,108.73426523863571,1,True,measured_peak,1,269.5029296875,525.4118041992188,167,525.0,True,m19 260827/A S1,True,1061.0518798828125,535.6400756835938
m19,260827,A,136,3,139.0,30.0,-15.0,204.19025728968404,1,True,measured_peak,1,263.7391967773437,523.3408203125,166,525.0,True,m19 260827/A S1,True,1061.0518798828125,537.7110595703125
m19,260827,A,140,3,177.0,,,,0,False,flat_or_unmeasured,1,266.62353515625,569.6959838867188,173,570.0,True,m19 260827/A S1,False,1061.0518798828125,491.35589599609375
m19,260827,A,146,3,323.0,-114.0,-15.0,8.60575589339987,1,True,measured_peak,1,264.2213134765625,586.3242797851562,174,585.0,True,m19 260827/A S1,True,1061.0518798828125,474.72760009765625
m19,260827,A,147,3,323.0,-114.0,-15.0,38.02543301734826,1,True,measured_peak,1,264.2979431152344,625.2654418945312,180,630.0,True,m19 260827/A S1,True,1061.0518798828125,435.78643798828125
m19,260827,A,149,3,281.0,66.0,33.0,22.02578005003329,1,False,measured_peak,1,271.1409912109375,631.558837890625,181,630.0,True,m19 260827/A S1,True,1061.0518798828125,429.4930419921875
m19,260827,A,154,3,269.0,138.0,-27.0,24.018759586149137,1,True,measured_peak,1,270.61669921875,660.2980346679688,185,660.0,True,m19 260827/A S1,True,1061.0518798828125,400.75384521484375
m19,260827,A,157,3,177.0,-162.0,-27.0,0.1987963538632585,1,False,measured_peak,1,265.6973571777344,617.1314086914062,180,630.0,True,m19 260827/A S1,True,1061.0518798828125,443.92047119140625
m19,260827,A,159,3,239.0,78.0,-15.0,16.299328731760347,1,False,measured_peak,1,271.81024169921875,660.6398315429688,185,660.0,True,m19 260827/A S1,True,1061.0518798828125,400.41204833984375
m19,260827,A,161,3,283.0,78.0,-15.0,20.32385434454068,1,False,measured_peak,1,270.8701171875,689.3115844726562,189,690.0,True,m19 260827/A S1,True,1061.0518798828125,371.74029541015625
m19,260827,A,166,3,177.0,,,,0,False,unit_not_in_rf,1,266.0152587890625,691.5156860351562,189,690.0,True,m19 260827/A S1,False,1061.0518798828125,369.53619384765625
m19,260827,A,170,3,191.0,-6.0,-39.0,37.32003204382626,1,True,measured_peak,1,266.1063842773437,702.4691162109375,189,690.0,True,m19 260827/A S1,True,1061.0518798828125,358.582763671875
m19,260827,A,178,3,133.0,-18.0,-3.0,23.719586581056163,1,True,measured_peak,1,263.4167175292969,762.8560180664062,246,765.0,True,m19 260827/A S1,True,1061.0518798828125,298.19586181640625
m19,260827,A,186,3,227.0,,,,0,False,flat_or_unmeasured,1,266.1703186035156,811.5723876953125,254,825.0,True,m19 260827/A S1,False,1061.0518798828125,249.4794921875
m19,260827,A,189,3,331.0,,,,0,False,unit_not_in_rf,1,266.5863037109375,812.9326171875,252,810.0,True,m19 260827/A S1,False,1061.0518798828125,248.1192626953125
m19,260827,A,196,3,227.0,,,,0,False,flat_or_unmeasured,1,266.438720703125,852.9989624023438,257,840.0,True,m19 260827/A S1,False,1061.0518798828125,208.05291748046875
m19,260827,A,200,3,227.0,,,,0,False,flat_or_unmeasured,1,266.80596923828125,886.277587890625,263,885.0,True,m19 260827/A S1,False,1061.0518798828125,174.7742919921875
m19,260827,A,206,3,177.0,,,,0,False,unit_not_in_rf,1,267.1925048828125,960.944091796875,273,960.0,True,m19 260827/A S1,False,1061.0518798828125,100.1077880859375
m19,260827,A,209,3,95.0,,,,0,False,flat_or_unmeasured,1,266.697509765625,931.6669921875,271,945.0,True,m19 260827/A S1,False,1061.0518798828125,129.3848876953125
m19,260827,A,215,3,179.0,,,,0,False,unit_not_in_rf,1,266.0316772460937,1000.9359130859376,278,1005.0,True,m19 260827/A S1,False,1061.0518798828125,60.115966796874886
m19,260827,A,220,3,227.0,,,,0,False,flat_or_unmeasured,1,265.86749267578125,1043.5946044921875,286,1065.0,True,m19 260827/A S1,False,1061.0518798828125,17.457275390625
m19,260827,A,224,3,177.0,-54.0,-3.0,0.2002413702024851,1,False,measured_peak,1,266.2861633300781,1061.0518798828125,341,1110.0,True,m19 260827/A S1,True,1061.0518798828125,0.0
m19,260827,A,226,3,227.0,,,,0,False,flat_or_unmeasured,2,514.0208740234375,327.32275390625,230,285.0,True,m19 260827/A S2,False,1045.46337890625,718.140625
m19,260827,A,229,3,183.0,,,,0,False,flat_or_unmeasured,2,516.2591552734375,350.4808044433594,289,360.0,True,m19 260827/A S2,False,1045.46337890625,694.9825744628906
m19,260827,A,233,3,341.0,66.0,-39.0,33.42345797773764,1,True,measured_peak,2,521.7997436523438,362.3924560546875,289,360.0,True,m19 260827/A S2,True,1045.46337890625,683.0709228515625
m19,260827,A,234,3,177.0,,,,0,False,flat_or_unmeasured,2,519.0889892578125,365.31158447265625,289,360.0,True,m19 260827/A S2,False,1045.46337890625,680.1517944335938
m19,260827,A,243,3,35.0,150.0,-39.0,43.61958977376344,1,True,measured_peak,2,510.5009765625,451.4908447265625,300,450.0,True,m19 260827/A S2,True,1045.46337890625,593.9725341796875
m19,260827,A,245,3,227.0,,,,0,False,flat_or_unmeasured,2,515.6162109375,451.9461669921875,300,450.0,True,m19 260827/A S2,False,1045.46337890625,593.5172119140625
m19,260827,A,247,3,169.0,-6.0,-39.0,26.74269675867765,1,True,measured_peak,2,518.1141357421875,463.9973754882813,303,465.0,True,m19 260827/A S2,True,1045.46337890625,581.4660034179688
m19,260827,A,249,3,221.0,-150.0,-3.0,7.793433541513032,1,False,measured_peak,2,513.7355346679688,477.3790588378906,304,480.0,True,m19 260827/A S2,True,1045.46337890625,568.0843200683594
m19,260827,A,254,3,21.0,-30.0,-3.0,2.198292886264555,1,False,measured_peak,2,512.0341796875,509.7850341796875,308,510.0,True,m19 260827/A S2,True,1045.46337890625,535.6783447265625
m19,260827,A,257,3,177.0,,,,0,False,flat_or_unmeasured,2,515.7042236328125,512.20556640625,310,525.0,True,m19 260827/A S2,False,1045.46337890625,533.2578125
m19,260827,A,261,3,73.0,114.0,-27.0,61.79959104429975,1,True,measured_peak,2,518.1826171875,570.38134765625,317,570.0,True,m19 260827/A S2,True,1045.46337890625,475.08203125
m19,260827,A,263,3,223.0,-78.0,-27.0,18.82912207655256,1,True,measured_peak,2,512.8446655273438,584.6124877929688,318,585.0,True,m19 260827/A S2,True,1045.46337890625,460.85089111328125
m19,260827,A,264,3,235.0,,,,0,False,unit_not_in_rf,2,514.6923217773438,600.4820556640625,321,600.0,True,m19 260827/A S2,False,1045.46337890625,444.9813232421875
m19,260827,A,266,3,177.0,,,,0,False,flat_or_unmeasured,2,515.1098022460938,598.0220947265625,317,570.0,True,m19 260827/A S2,False,1045.46337890625,447.4412841796875
m19,260827,A,267,3,117.0,66.0,-39.0,96.2675645945617,1,True,measured_peak,2,515.0933227539062,584.1799926757812,318,585.0,True,m19 260827/A S2,True,1045.46337890625,461.28338623046875
m19,260827,A,275,3,177.0,-114.0,33.0,0.200660749269032,1,False,measured_peak,2,516.800048828125,643.5494384765625,325,630.0,True,m19 260827/A S2,True,1045.46337890625,401.9139404296875
m19,260827,A,280,3,95.0,,,,0,False,flat_or_unmeasured,2,514.0614624023438,690.2186279296875,332,690.0,True,m19 260827/A S2,False,1045.46337890625,355.2447509765625
m19,260827,A,281,3,177.0,,,,0,False,unit_not_in_rf,2,515.7066650390625,721.6159057617188,0,720.0,True,m19 260827/A S2,False,1045.46337890625,323.84747314453125
m19,260827,A,286,3,227.0,,,,0,False,unit_not_in_rf,2,515.712158203125,722.0218505859375,0,720.0,True,m19 260827/A S2,False,1045.46337890625,323.4415283203125
m19,260827,A,292,3,227.0,,,,0,False,flat_or_unmeasured,2,515.0703125,764.7214965820312,4,750.0,True,m19 260827/A S2,False,1045.46337890625,280.74188232421875
m19,260827,A,298,3,227.0,,,,0,False,unit_not_in_rf,2,515.2033081054688,795.4248046875,10,795.0,True,m19 260827/A S2,False,1045.46337890625,250.03857421875
m19,260827,A,301,3,57.0,18.0,33.0,18.119318791776585,1,False,measured_peak,2,523.1807250976562,793.6055297851562,11,795.0,True,m19 260827/A S2,True,1045.46337890625,251.85784912109375
m19,260827,A,307,3,95.0,,,,0,False,flat_or_unmeasured,2,515.91796875,826.0679321289062,15,825.0,True,m19 260827/A S2,False,1045.46337890625,219.39544677734375
m19,260827,A,314,3,105.0,,,,0,False,unit_not_in_rf,2,516.5711059570312,873.6017456054688,23,885.0,True,m19 260827/A S2,False,1045.46337890625,171.86163330078125
m19,260827,A,324,3,159.0,,,,0,False,flat_or_unmeasured,2,517.9725341796875,978.813720703125,32,960.0,True,m19 260827/A S2,False,1045.46337890625,66.649658203125
m19,260827,A,331,3,285.0,-126.0,9.0,4.392856355296614,1,False,measured_peak,2,519.3569946289062,1045.46337890625,45,1050.0,True,m19 260827/A S2,True,1045.46337890625,0.0
m19,260827,A,342,3,177.0,,,,0,False,flat_or_unmeasured,3,762.090576171875,366.301513671875,336,360.0,True,m19 260827/A S3,False,1069.0682373046875,702.7667236328125
m19,260827,A,354,3,227.0,,,,0,False,flat_or_unmeasured,3,766.033935546875,451.68310546875,350,465.0,True,m19 260827/A S3,False,1069.0682373046875,617.3851318359375
m19,260827,A,357,3,177.0,,,,0,False,unit_not_in_rf,3,766.4276123046875,481.6754150390625,352,480.0,True,m19 260827/A S3,False,1069.0682373046875,587.392822265625
m19,260827,A,364,3,177.0,,,,0,False,flat_or_unmeasured,3,766.8739013671875,507.0250854492188,353,480.0,True,m19 260827/A S3,False,1069.0682373046875,562.0431518554688
m19,260827,A,370,3,227.0,6.0,-15.0,0.2005245444846553,1,False,measured_peak,3,767.3463134765625,520.0752563476562,356,510.0,True,m19 260827/A S3,True,1069.0682373046875,548.9929809570312
m19,260827,A,397,3,227.0,,,,0,False,flat_or_unmeasured,3,766.2672729492188,688.2569580078125,381,690.0,True,m19 260827/A S3,False,1069.0682373046875,380.811279296875
m19,260827,A,401,3,177.0,,,,0,False,flat_or_unmeasured,3,765.4988403320312,720.6915283203125,49,720.0,True,m19 260827/A S3,False,1069.0682373046875,348.376708984375
m19,260827,A,417,3,227.0,,,,0,False,flat_or_unmeasured,3,765.815185546875,840.4940795898438,65,840.0,True,m19 260827/A S3,False,1069.0682373046875,228.57415771484375
m19,260827,A,424,3,177.0,-174.0,33.0,0.1992980371623815,1,False,measured_peak,3,766.2808837890625,886.631591796875,73,900.0,True,m19 260827/A S3,True,1069.0682373046875,182.4366455078125
m19,260827,A,448,3,177.0,,,,0,False,flat_or_unmeasured,3,765.5784912109375,1069.0682373046875,147,1095.0,True,m19 260827/A S3,False,1069.0682373046875,0.0
m20,260921,A,7,3,117.0,-162.0,-27.0,11.400579795672854,1,False,measured_peak,0,8.41522216796875,51.33577728271485,4,30.0,True,m20 260921/A S0,True,1145.40478515625,1094.0690078735352
m20,260921,A,49,3,151.0,-78.0,33.0,26.21403103555371,1,False,measured_peak,0,20.95011138916016,224.6681365966797,31,225.0,True,m20 260921/A S0,True,1145.40478515625,920.7366485595703
m20,260921,A,60,3,343.0,-114.0,9.0,69.60915282455721,1,False,measured_peak,0,21.118698120117188,321.9367370605469,43,315.0,True,m20 260921/A S0,True,1145.40478515625,823.4680480957031
m20,260921,A,66,3,99.0,78.0,-15.0,0.6002341226371604,1,False,measured_peak,0,8.809139251708984,328.3068542480469,44,330.0,True,m20 260921/A S0,True,1145.40478515625,817.0979309082031
m20,260921,A,91,3,355.0,30.0,-39.0,34.816108019842034,1,False,measured_peak,0,20.674076080322266,455.333251953125,111,465.0,True,m20 260921/A S0,True,1145.40478515625,690.071533203125
m20,260921,A,127,3,255.0,54.0,-3.0,65.00981303799915,1,True,measured_peak,0,20.790082931518555,823.9851684570312,207,825.0,True,m20 260921/A S0,True,1145.40478515625,321.41961669921875
m20,260921,A,131,3,141.0,-78.0,-15.0,50.8151258457457,1,True,measured_peak,0,18.61240768432617,874.3931884765625,211,855.0,True,m20 260921/A S0,True,1145.40478515625,271.0115966796875
m20,260921,A,145,3,17.0,138.0,-39.0,23.603909887769184,1,True,measured_peak,0,11.480473518371582,1046.363525390625,236,1050.0,True,m20 260921/A S0,True,1145.40478515625,99.041259765625
m20,260921,A,151,3,261.0,42.0,-3.0,12.606650414983983,1,True,measured_peak,0,13.79533863067627,1145.40478515625,296,1140.0,True,m20 260921/A S0,True,1145.40478515625,0.0
m20,260921,A,173,3,113.0,102.0,-3.0,31.18808218499832,1,False,measured_peak,1,259.1015625,38.380218505859375,50,15.0,True,m20 260921/A S1,True,863.490966796875,825.1107482910156
m20,260921,A,176,3,133.0,-138.0,-39.0,6.000597974085324,1,False,measured_peak,1,265.8053894042969,48.1705207824707,50,15.0,True,m20 260921/A S1,True,863.490966796875,815.3204460144043
m20,260921,A,189,3,103.0,-114.0,9.0,26.603498062258936,1,False,measured_peak,1,271.2574157714844,65.84162902832031,57,60.0,True,m20 260921/A S1,True,863.490966796875,797.6493377685547
m20,260921,A,206,3,123.0,-102.0,33.0,17.005622978032072,1,False,measured_peak,1,270.7618713378906,154.84750366210938,69,150.0,True,m20 260921/A S1,True,863.490966796875,708.6434631347656
m20,260921,A,217,3,113.0,-78.0,-39.0,38.81232096914544,1,False,measured_peak,1,263.8920288085937,220.33572387695312,78,225.0,True,m20 260921/A S1,True,863.490966796875,643.1552429199219
m20,260921,A,226,3,301.0,126.0,-39.0,22.60672903080914,1,False,measured_peak,1,269.9480895996094,266.66864013671875,85,270.0,True,m20 260921/A S1,True,863.490966796875,596.8223266601562
m20,260921,A,232,3,181.0,-54.0,-27.0,1.200254287862417,1,False,measured_peak,1,266.29071044921875,308.3680419921875,89,300.0,True,m20 260921/A S1,True,863.490966796875,555.1229248046875
m20,260921,A,233,3,327.0,-102.0,-27.0,34.00243163006418,1,False,measured_peak,1,267.0751647949219,305.0303955078125,89,300.0,True,m20 260921/A S1,True,863.490966796875,558.4605712890625
m20,260921,A,268,3,83.0,-174.0,-27.0,7.800871964686651,1,False,measured_peak,1,271.4930114746094,536.5346069335938,169,540.0,True,m20 260921/A S1,True,863.490966796875,326.95635986328125
m20,260921,A,282,3,289.0,-78.0,21.0,16.404449865003247,1,False,measured_peak,1,264.14453125,729.678466796875,242,735.0,True,m20 260921/A S1,True,863.490966796875,133.8125
m20,260921,A,286,3,229.0,54.0,-3.0,30.60461967635037,1,True,measured_peak,1,267.1190185546875,742.1288452148438,245,750.0,True,m20 260921/A S1,True,863.490966796875,121.36212158203125
m20,260921,A,288,3,37.0,-42.0,-39.0,12.605145452402684,1,True,measured_peak,1,263.5811767578125,766.1572875976562,246,765.0,True,m20 260921/A S1,True,863.490966796875,97.33367919921875
m20,260921,A,290,3,329.0,-102.0,9.0,8.20054658282248,1,True,measured_peak,1,265.2644348144531,790.2948608398438,250,795.0,True,m20 260921/A S1,True,863.490966796875,73.19610595703125
m20,260921,A,291,3,259.0,-90.0,21.0,3.400271528309736,1,False,measured_peak,1,267.8021240234375,786.3902587890625,249,780.0,True,m20 260921/A S1,True,863.490966796875,77.1007080078125
m20,260921,A,296,3,167.0,6.0,-15.0,56.99514756599018,1,True,measured_peak,1,265.1787109375,824.1695556640625,254,825.0,True,m20 260921/A S1,True,863.490966796875,39.3214111328125
m20,260921,A,298,3,313.0,-78.0,21.0,52.41421786135185,1,True,measured_peak,1,266.988525390625,832.885498046875,257,840.0,True,m20 260921/A S1,True,863.490966796875,30.60546875
m20,260921,A,302,3,177.0,-78.0,-15.0,20.60613370910161,1,True,measured_peak,1,267.74432373046875,863.490966796875,261,870.0,True,m20 260921/A S1,True,863.490966796875,0.0
m20,260921,A,305,3,133.0,78.0,9.0,9.600449918594917,1,False,measured_peak,1,268.8661804199219,862.8544311523438,261,870.0,True,m20 260921/A S1,True,863.490966796875,0.63653564453125
m20,260921,A,358,3,143.0,-66.0,33.0,51.2138321081375,1,False,measured_peak,2,521.427490234375,30.931381225585938,193,0.0,True,m20 260921/A S2,True,275.11846923828125,244.1870880126953
m20,260921,A,360,3,125.0,-54.0,-3.0,3.4001817436479405,1,False,measured_peak,2,520.3826904296875,53.506439208984375,197,30.0,True,m20 260921/A S2,True,275.11846923828125,221.61203002929688
m20,260921,A,362,3,359.0,138.0,-39.0,30.405036465600983,1,False,measured_peak,2,513.4584350585938,61.14092254638672,198,45.0,True,m20 260921/A S2,True,275.11846923828125,213.97754669189453
m20,260921,A,366,3,37.0,102.0,-39.0,11.402490994370812,1,True,measured_peak,2,512.535400390625,81.22462463378906,202,75.0,True,m20 260921/A S2,True,275.11846923828125,193.8938446044922
m20,260921,A,368,3,229.0,138.0,-39.0,6.401060308547576,1,False,measured_peak,2,518.0161743164062,65.52061462402344,201,60.0,True,m20 260921/A S2,True,275.11846923828125,209.5978546142578
m20,260921,A,369,3,229.0,-90.0,-3.0,20.005162595253974,1,True,measured_peak,2,515.5599975585938,67.30046081542969,201,60.0,True,m20 260921/A S2,True,275.11846923828125,207.81800842285156
m20,260921,A,372,3,17.0,-6.0,-3.0,13.600906429919354,1,False,measured_peak,2,513.4842529296875,104.5029754638672,206,105.0,True,m20 260921/A S2,True,275.11846923828125,170.61549377441406
m20,260921,A,381,3,37.0,-66.0,-15.0,19.60143618402333,1,True,measured_peak,2,516.4918823242188,187.08482360839844,217,180.0,True,m20 260921/A S2,True,275.11846923828125,88.03364562988281
m20,260921,A,385,3,227.0,-30.0,21.0,20.802740205105408,1,True,measured_peak,2,514.342529296875,176.683349609375,210,135.0,True,m20 260921/A S2,True,275.11846923828125,98.43511962890625
m20,260921,A,391,3,269.0,-78.0,33.0,0.2001071071416313,1,False,measured_peak,2,513.5657958984375,249.82254028320312,226,255.0,True,m20 260921/A S2,True,275.11846923828125,25.295928955078125
m20,260921,A,395,3,141.0,6.0,-3.0,5.6010017265353325,1,False,measured_peak,2,518.8145751953125,275.11846923828125,229,270.0,True,m20 260921/A S2,True,275.11846923828125,0.0
